{"cameraMode":{"drawMode":0,"name":"Shaded","section":"Shading Mode"},"sceneLighting":true,"audioPlay":false,"sceneViewState":{"showFog":true,"showMaterialUpdate":false,"showSkybox":true,"showFlares":true,"showImageEffects":true,"showParticleSystems":true},"in2DMode":false,"pivot":{"x":1.3526721000671387,"y":0.02140381932258606,"z":-7.50755500793457},"rotation":{"x":-0.02060960792005062,"y":0.6077958345413208,"z":-0.015532465651631356,"w":-0.7938703894615173},"size":3.3729445934295656,"orthographic":false}